-- phpMyAdmin SQL Dump
-- version 3.4.10.1deb1
-- http://www.phpmyadmin.net
--
-- Host: localhost
-- Generation Time: Jun 26, 2013 at 05:21 PM
-- Server version: 5.5.29
-- PHP Version: 5.3.10-1ubuntu3.6

SET SQL_MODE="NO_AUTO_VALUE_ON_ZERO";
SET time_zone = "+00:00";


/*!40101 SET @OLD_CHARACTER_SET_CLIENT=@@CHARACTER_SET_CLIENT */;
/*!40101 SET @OLD_CHARACTER_SET_RESULTS=@@CHARACTER_SET_RESULTS */;
/*!40101 SET @OLD_COLLATION_CONNECTION=@@COLLATION_CONNECTION */;
/*!40101 SET NAMES utf8 */;

--
-- Database: `darussalam`
--

--
-- Dumping data for table `authassignment`
--

INSERT INTO `authassignment` (`itemname`, `userid`, `bizrule`, `data`) VALUES
('CityAdmin', '2', NULL, 'N;'),
('SuperAdmin', '1', NULL, 'N;'),
('Test role ', '2', NULL, 'N;');

--
-- Dumping data for table `authitem`
--

INSERT INTO `authitem` (`name`, `type`, `description`, `bizrule`, `data`) VALUES
('Author.*', 0, 'Author', NULL, 'N;'),
('Author.Create', 0, NULL, NULL, 'N;'),
('Author.Delete', 0, NULL, NULL, 'N;'),
('Author.Index', 0, NULL, NULL, 'N;'),
('Author.Update', 0, NULL, NULL, 'N;'),
('Author.View', 0, NULL, NULL, 'N;'),
('Categories.*', 0, 'Categories', NULL, 'N;'),
('Categories.Create', 0, NULL, NULL, 'N;'),
('Categories.Delete', 0, NULL, NULL, 'N;'),
('Categories.Index', 0, NULL, NULL, 'N;'),
('Categories.Update', 0, NULL, NULL, 'N;'),
('Categories.View', 0, NULL, NULL, 'N;'),
('City.*', 0, 'City ', NULL, 'N;'),
('City.Create', 0, NULL, NULL, 'N;'),
('City.Delete', 0, NULL, NULL, 'N;'),
('City.Index', 0, NULL, NULL, 'N;'),
('City.Update', 0, NULL, NULL, 'N;'),
('City.View', 0, NULL, NULL, 'N;'),
('CityAdmin', 2, 'City Admin', NULL, 'N;'),
('Configurations.*', 0, NULL, NULL, 'N;'),
('Configurations.AppSettings', 0, NULL, NULL, 'N;'),
('Configurations.Index', 0, NULL, NULL, 'N;'),
('Configurations.Load', 0, NULL, NULL, 'N;'),
('Country.*', 0, 'Country', NULL, 'N;'),
('Country.Create', 0, NULL, NULL, 'N;'),
('Country.Delete', 0, NULL, NULL, 'N;'),
('Country.Index', 0, NULL, NULL, 'N;'),
('Country.Update', 0, NULL, NULL, 'N;'),
('Country.View', 0, NULL, NULL, 'N;'),
('Customer.*', 0, 'Customer', NULL, 'N;'),
('Customer.Delete', 0, NULL, NULL, 'N;'),
('Customer.Index', 0, NULL, NULL, 'N;'),
('Customer.OrderDetail', 0, NULL, NULL, 'N;'),
('Customer.OrdersList', 0, NULL, NULL, 'N;'),
('Customer.Update', 0, NULL, NULL, 'N;'),
('Customer.View', 0, NULL, NULL, 'N;'),
('Language.*', 0, 'Language', NULL, 'N;'),
('Language.Create', 0, NULL, NULL, 'N;'),
('Language.Delete', 0, NULL, NULL, 'N;'),
('Language.Index', 0, NULL, NULL, 'N;'),
('Language.Update', 0, NULL, NULL, 'N;'),
('Language.View', 0, NULL, NULL, 'N;'),
('Layout.*', 0, 'Layout', NULL, 'N;'),
('Layout.Create', 0, NULL, NULL, 'N;'),
('Layout.Delete', 0, NULL, NULL, 'N;'),
('Layout.Index', 0, NULL, NULL, 'N;'),
('Layout.Update', 0, NULL, NULL, 'N;'),
('Layout.View', 0, NULL, NULL, 'N;'),
('Order.*', 0, NULL, NULL, 'N;'),
('Order.Delete', 0, NULL, NULL, 'N;'),
('Order.Index', 0, NULL, NULL, 'N;'),
('Order.OrderDetail', 0, NULL, NULL, 'N;'),
('Order.Update', 0, NULL, NULL, 'N;'),
('Order.View', 0, NULL, NULL, 'N;'),
('Pages.*', 0, NULL, NULL, 'N;'),
('Pages.Create', 0, NULL, NULL, 'N;'),
('Pages.Delete', 0, NULL, NULL, 'N;'),
('Pages.Index', 0, NULL, NULL, 'N;'),
('Pages.Update', 0, NULL, NULL, 'N;'),
('Pages.View', 0, NULL, NULL, 'N;'),
('Product.*', 0, NULL, NULL, 'N;'),
('Product.Create', 0, NULL, NULL, 'N;'),
('Product.Delete', 0, NULL, NULL, 'N;'),
('Product.DeleteChildByAjax', 0, NULL, NULL, 'N;'),
('Product.EditChild', 0, NULL, NULL, 'N;'),
('Product.Index', 0, NULL, NULL, 'N;'),
('Product.LoadChildByAjax', 0, NULL, NULL, 'N;'),
('Product.Update', 0, NULL, NULL, 'N;'),
('Product.View', 0, NULL, NULL, 'N;'),
('Product.ViewImage', 0, NULL, NULL, 'N;'),
('SelfSite.*', 0, NULL, NULL, 'N;'),
('SelfSite.Create', 0, NULL, NULL, 'N;'),
('SelfSite.Delete', 0, NULL, NULL, 'N;'),
('SelfSite.GetCity', 0, NULL, NULL, 'N;'),
('SelfSite.Index', 0, NULL, NULL, 'N;'),
('SelfSite.Update', 0, NULL, NULL, 'N;'),
('SelfSite.View', 0, NULL, NULL, 'N;'),
('SuperAdmin', 2, 'SuperAdmin', NULL, 'N;'),
('TranslatorCompiler.*', 0, 'TranslatorCompiler', NULL, 'N;'),
('TranslatorCompiler.Create', 0, NULL, NULL, 'N;'),
('TranslatorCompiler.Delete', 0, NULL, NULL, 'N;'),
('TranslatorCompiler.Index', 0, NULL, NULL, 'N;'),
('TranslatorCompiler.Update', 0, NULL, NULL, 'N;'),
('TranslatorCompiler.View', 0, NULL, NULL, 'N;'),
('User.*', 0, 'User', NULL, 'N;'),
('User.ChangePassword', 0, NULL, NULL, 'N;'),
('User.Create', 0, NULL, NULL, 'N;'),
('User.Delete', 0, NULL, NULL, 'N;'),
('User.Index', 0, NULL, NULL, 'N;'),
('User.ToggleEnabled', 0, NULL, NULL, 'N;'),
('User.Update', 0, NULL, NULL, 'N;'),
('User.View', 0, NULL, NULL, 'N;');

--
-- Dumping data for table `authitemchild`
--

INSERT INTO `authitemchild` (`parent`, `child`) VALUES
('Author.*', 'Author.Create'),
('Author.*', 'Author.Delete'),
('Author.*', 'Author.Index'),
('Author.*', 'Author.Update'),
('Author.*', 'Author.View'),
('Categories.*', 'Categories.Create'),
('Categories.*', 'Categories.Delete'),
('Categories.*', 'Categories.Index'),
('Categories.*', 'Categories.Update'),
('Categories.*', 'Categories.View'),
('City.*', 'City.Create'),
('City.*', 'City.Delete'),
('City.*', 'City.Index'),
('City.*', 'City.Update'),
('City.*', 'City.View'),
('CityAdmin', 'Author.*'),
('CityAdmin', 'Categories.*'),
('CityAdmin', 'Customer.*'),
('CityAdmin', 'Layout.*'),
('CityAdmin', 'Order.*'),
('CityAdmin', 'Pages.*'),
('CityAdmin', 'Product.*'),
('CityAdmin', 'TranslatorCompiler.*'),
('CityAdmin', 'User.*'),
('Country.*', 'Country.Create'),
('Country.*', 'Country.Delete'),
('Country.*', 'Country.Index'),
('Country.*', 'Country.Update'),
('Country.*', 'Country.View'),
('Customer.*', 'Customer.Delete'),
('Customer.*', 'Customer.Index'),
('Customer.*', 'Customer.OrderDetail'),
('Customer.*', 'Customer.OrdersList'),
('Customer.*', 'Customer.Update'),
('Customer.*', 'Customer.View'),
('Language.*', 'Language.Create'),
('Language.*', 'Language.Delete'),
('Language.*', 'Language.Index'),
('Language.*', 'Language.Update'),
('Language.*', 'Language.View'),
('Layout.*', 'Layout.Create'),
('Layout.*', 'Layout.Delete'),
('Layout.*', 'Layout.Index'),
('Layout.*', 'Layout.Update'),
('Layout.*', 'Layout.View'),
('Order.*', 'Order.Delete'),
('Order.*', 'Order.Index'),
('Order.*', 'Order.OrderDetail'),
('Order.*', 'Order.Update'),
('Order.*', 'Order.View'),
('Pages.*', 'Pages.Create'),
('Pages.*', 'Pages.Delete'),
('Pages.*', 'Pages.Index'),
('Pages.*', 'Pages.Update'),
('Pages.*', 'Pages.View'),
('Product.*', 'Product.Create'),
('Product.*', 'Product.Delete'),
('Product.*', 'Product.DeleteChildByAjax'),
('Product.*', 'Product.EditChild'),
('Product.*', 'Product.Index'),
('Product.*', 'Product.LoadChildByAjax'),
('Product.*', 'Product.Update'),
('Product.*', 'Product.View'),
('Product.*', 'Product.ViewImage'),
('SelfSite.*', 'SelfSite.Create'),
('SelfSite.*', 'SelfSite.Delete'),
('SelfSite.*', 'SelfSite.GetCity'),
('SelfSite.*', 'SelfSite.Index'),
('SelfSite.*', 'SelfSite.Update'),
('SelfSite.*', 'SelfSite.View'),
('Test role ', 'Author.*'),
('Test role ', 'Categories.*'),
('Test role 2', 'Pages.*'),
('TranslatorCompiler.*', 'TranslatorCompiler.Create'),
('TranslatorCompiler.*', 'TranslatorCompiler.Delete'),
('TranslatorCompiler.*', 'TranslatorCompiler.Index'),
('TranslatorCompiler.*', 'TranslatorCompiler.Update'),
('TranslatorCompiler.*', 'TranslatorCompiler.View'),
('User.*', 'User.ChangePassword'),
('User.*', 'User.Create'),
('User.*', 'User.Delete'),
('User.*', 'User.Index'),
('User.*', 'User.ToggleEnabled'),
('User.*', 'User.Update'),
('User.*', 'User.View');

--
-- Dumping data for table `rights`
--

INSERT INTO `rights` (`itemname`, `type`, `weight`) VALUES
('abc', 2, 1),
('Author.*', 0, 0),
('Author.Create', 0, 1),
('Author.Delete', 0, 2),
('Author.Index', 0, 4),
('Author.Update', 0, 3),
('Author.View', 0, 5),
('Categories.*', 0, 6),
('Categories.Create', 0, 7),
('Categories.Delete', 0, 8),
('Categories.Index', 0, 10),
('Categories.Update', 0, 9),
('Categories.View', 0, 11),
('City.*', 0, 12),
('City.Create', 0, 13),
('City.Delete', 0, 14),
('City.Index', 0, 16),
('City.Update', 0, 15),
('City.View', 0, 17),
('CityAdmin', 2, 1),
('Configurations.*', 0, 18),
('Configurations.AppSettings', 0, 19),
('Configurations.Index', 0, 20),
('Configurations.Load', 0, 21),
('Country.*', 0, 22),
('Country.Create', 0, 23),
('Country.Delete', 0, 25),
('Country.Index', 0, 27),
('Country.Update', 0, 24),
('Country.View', 0, 26),
('Customer.*', 0, 28),
('Customer.Delete', 0, 29),
('Customer.Index', 0, 31),
('Customer.OrderDetail', 0, 32),
('Customer.OrdersList', 0, 33),
('Customer.Update', 0, 30),
('Customer.View', 0, 34),
('Language.*', 0, 35),
('Language.Create', 0, 36),
('Language.Delete', 0, 37),
('Language.Index', 0, 39),
('Language.Update', 0, 38),
('Language.View', 0, 40),
('Layout.*', 0, 41),
('Layout.Create', 0, 42),
('Layout.Delete', 0, 43),
('Layout.Index', 0, 45),
('Layout.Update', 0, 44),
('Layout.View', 0, 46),
('Order.*', 0, 47),
('Order.Delete', 0, 49),
('Order.Index', 0, 50),
('Order.OrderDetail', 0, 51),
('Order.Update', 0, 48),
('Order.View', 0, 52),
('Pages.*', 0, 53),
('Pages.Create', 0, 54),
('Pages.Delete', 0, 55),
('Pages.Index', 0, 57),
('Pages.Update', 0, 56),
('Pages.View', 0, 58),
('Product.*', 0, 59),
('Product.Create', 0, 60),
('Product.Delete', 0, 62),
('Product.DeleteChildByAjax', 0, 63),
('Product.EditChild', 0, 64),
('Product.Index', 0, 65),
('Product.LoadChildByAjax', 0, 66),
('Product.Update', 0, 61),
('Product.View', 0, 67),
('Product.ViewImage', 0, 68),
('SelfSite.*', 0, 69),
('SelfSite.Create', 0, 70),
('SelfSite.Delete', 0, 71),
('SelfSite.GetCity', 0, 73),
('SelfSite.Index', 0, 72),
('SelfSite.Update', 0, 74),
('SelfSite.View', 0, 75),
('SuperAdmin', 2, 0),
('Test', 2, 1),
('Test role ', 2, 2),
('Test role 2', 2, 3),
('TranslatorCompiler.*', 0, 76),
('TranslatorCompiler.Create', 0, 77),
('TranslatorCompiler.Delete', 0, 78),
('TranslatorCompiler.Index', 0, 80),
('TranslatorCompiler.Update', 0, 79),
('TranslatorCompiler.View', 0, 81),
('User.*', 0, 82),
('User.ChangePassword', 0, 83),
('User.Create', 0, 84),
('User.Delete', 0, 86),
('User.Index', 0, 87),
('User.ToggleEnabled', 0, 88),
('User.Update', 0, 85),
('User.View', 0, 89);

/*!40101 SET CHARACTER_SET_CLIENT=@OLD_CHARACTER_SET_CLIENT */;
/*!40101 SET CHARACTER_SET_RESULTS=@OLD_CHARACTER_SET_RESULTS */;
/*!40101 SET COLLATION_CONNECTION=@OLD_COLLATION_CONNECTION */;
